label,movies,share
European wide,5823,0.30690981921678173
Non-English,3522,0.18563221419912507
US origin,12603,0.6642597375217414
US company signal,7397,0.3898698150002635
Long-tail,4131,0.21773045907342012
Blockbuster-head,3799,0.20023190850155484
