popularity_decile,movies,country_coverage,language_coverage
0,11662,0.2716515177499571,0.25724575544503514
1,2308,0.9748700173310225,0.9449740034662045
2,2404,0.9900166389351082,0.9721297836938436
3,2727,0.995966263292996,0.9864319765309865
4,2726,0.9977989728539985,0.9933969185619956
5,2723,0.9985310319500551,0.9963275798751378
6,2728,0.999266862170088,0.998533724340176
