field,coverage_rate,covered_items,total_items
has_country,0.6847642789060782,18679,27278
has_language,0.6728132561038199,18353,27278
has_production_company,0.37378106899332797,10196,27278
has_release_year,0.9990468509421512,27252,27278
has_genre,0.9909817435295842,27032,27278
has_mpnet_matrix,0.6955421951755993,18973,27278
has_clip_matrix,0.6955421951755993,18973,27278
has_rating,0.5114011291150378,13950,27278
has_tag,0.7165114744482733,19545,27278
has_genome,0.38056309113571374,10381,27278
