group,count,share
Spain-origin,390,0.014297235867732239
Spanish-language,542,0.01986949189823301
European Spanish-language,319,0.01169440574822201
Spain-origin AND Spanish-language,227,0.008321724466603123
